{"status":"OK","message":"조회 완료","data":[{"id":120,"title":"우움","writer":{"id":112,"exp":540,"point":5180,"coin":0,"nickname":"햄스터","tier":"bronze","profileImg":null,"userTagList":null},"tagList":[{"tagId":10,"version":"1.0"}],"createdTime":[2024,2,16,1,31,23,309177000],"updatedTime":[2024,2,16,1,31,23,309177000],"answerCnt":2,"meTooCnt":0,"bookmarkCnt":0},{"id":119,"title":"\"[Vue warn]: 인스턴스에 정의되지 않은 'id' 속성이 렌더링 중에 접근됨\" 에러에 대해 도움 요청합니다.","writer":{"id":111,"exp":1050,"point":5350,"coin":0,"nickname":"김갈동","tier":"bronze","profileImg":null,"userTagList":null},"tagList":[{"tagId":11,"version":"3"}],"createdTime":[2024,2,16,1,14,57,953940000],"updatedTime":[2024,2,16,1,14,57,953940000],"answerCnt":3,"meTooCnt":0,"bookmarkCnt":0},{"id":118,"title":"\"렌더링 중에 인스턴스에 정의되지 않은 'id' 속성에 접근했다는 Vue 경고 문제\"","writer":{"id":8,"exp":3550,"point":6160,"coin":0,"nickname":"88009952","tier":"bronze","profileImg":null,"userTagList":null},"tagList":[{"tagId":11,"version":"1"}],"createdTime":[2024,2,15,14,0,4,202653000],"updatedTime":[2024,2,15,14,0,4,202653000],"answerCnt":2,"meTooCnt":1,"bookmarkCnt":1},{"id":117,"title":"\"스프링 데이터 레디스 연결 에러 문제 해결 요청\"","writer":{"id":8,"exp":3550,"point":6160,"coin":0,"nickname":"88009952","tier":"bronze","profileImg":null,"userTagList":null},"tagList":[{"tagId":2,"version":"1"},{"tagId":6,"version":"1"},{"tagId":null,"version":"1"}],"createdTime":[2024,2,15,13,56,39,910419000],"updatedTime":[2024,2,15,13,56,39,910419000],"answerCnt":2,"meTooCnt":0,"bookmarkCnt":0},{"id":116,"title":"\"Error: 모듈을 찾을 수 없음 './date.js'\"","writer":{"id":36,"exp":4859,"point":5750,"coin":0,"nickname":"부족해요","tier":"bronze","profileImg":null,"userTagList":null},"tagList":[{"tagId":4,"version":"1.0.1"},{"tagId":10,"version":"1.0.2"},{"tagId":6,"version":"3.1.1"}],"createdTime":[2024,2,15,12,53,56,576163000],"updatedTime":[2024,2,15,12,53,56,576163000],"answerCnt":2,"meTooCnt":0,"bookmarkCnt":0},{"id":115,"title":"인덱스 범위 초과 오류 발생하여 수정이 필요합니다.","writer":{"id":9,"exp":1531,"point":5510,"coin":0,"nickname":"test","tier":"bronze","profileImg":null,"userTagList":null},"tagList":[{"tagId":2,"version":"17"}],"createdTime":[2024,2,15,11,20,51,155441000],"updatedTime":[2024,2,15,11,20,51,155441000],"answerCnt":2,"meTooCnt":1,"bookmarkCnt":1},{"id":114,"title":"제목 직접 생성 test","writer":{"id":9,"exp":1531,"point":5510,"coin":0,"nickname":"test","tier":"bronze","profileImg":null,"userTagList":null},"tagList":[{"tagId":11,"version":"3"}],"createdTime":[2024,2,15,11,7,18,444825000],"updatedTime":[2024,2,15,11,7,18,444825000],"answerCnt":3,"meTooCnt":2,"bookmarkCnt":2},{"id":113,"title":"행렬 곱셈 함수 오류 수정 요청","writer":{"id":66,"exp":7440,"point":7480,"coin":0,"nickname":"Louis","tier":"bronze","profileImg":null,"userTagList":null},"tagList":[{"tagId":3,"version":"123"}],"createdTime":[2024,2,15,9,0,12,687071000],"updatedTime":[2024,2,15,9,0,12,687071000],"answerCnt":3,"meTooCnt":1,"bookmarkCnt":1},{"id":112,"title":"행렬 곱셈 코드 오류 수정 요청","writer":{"id":66,"exp":7440,"point":7480,"coin":0,"nickname":"Louis","tier":"bronze","profileImg":null,"userTagList":null},"tagList":[{"tagId":3,"version":"12"}],"createdTime":[2024,2,15,8,58,42,863334000],"updatedTime":[2024,2,15,8,58,42,863334000],"answerCnt":2,"meTooCnt":0,"bookmarkCnt":0},{"id":111,"title":"행렬 곱셈 오류 수정 요청","writer":{"id":66,"exp":7440,"point":7480,"coin":0,"nickname":"Louis","tier":"bronze","profileImg":null,"userTagList":null},"tagList":[{"tagId":3,"version":"23"}],"createdTime":[2024,2,15,8,57,1,327975000],"updatedTime":[2024,2,15,8,57,1,327975000],"answerCnt":2,"meTooCnt":0,"bookmarkCnt":0},{"id":110,"title":"행렬 곱셈 오류 수정을 위한 코드 제목을 추천해주세요.","writer":{"id":66,"exp":7440,"point":7480,"coin":0,"nickname":"Louis","tier":"bronze","profileImg":null,"userTagList":null},"tagList":[{"tagId":3,"version":"1"}],"createdTime":[2024,2,15,8,56,38,744368000],"updatedTime":[2024,2,15,8,56,38,744368000],"answerCnt":2,"meTooCnt":0,"bookmarkCnt":0},{"id":109,"title":"행렬 곱셈 관련 에러가 발생하여 질문드립니다.","writer":{"id":66,"exp":7440,"point":7480,"coin":0,"nickname":"Louis","tier":"bronze","profileImg":null,"userTagList":null},"tagList":[{"tagId":3,"version":"123"}],"createdTime":[2024,2,15,8,55,53,173799000],"updatedTime":[2024,2,15,8,55,53,173799000],"answerCnt":2,"meTooCnt":0,"bookmarkCnt":0},{"id":108,"title":"프로그램에서 발생한 오류를 게시판에 올릴 예정인데, 적절한 제목을 추천해주세요.","writer":{"id":66,"exp":7440,"point":7480,"coin":0,"nickname":"Louis","tier":"bronze","profileImg":null,"userTagList":null},"tagList":[{"tagId":4,"version":"1.0.1"}],"createdTime":[2024,2,15,8,53,41,204388000],"updatedTime":[2024,2,15,8,53,41,204388000],"answerCnt":2,"meTooCnt":0,"bookmarkCnt":0},{"id":107,"title":"npm run dev 오류 발생","writer":{"id":86,"exp":750,"point":5250,"coin":0,"nickname":"8803","tier":"bronze","profileImg":null,"userTagList":null},"tagList":[{"tagId":4,"version":"1.0.0"}],"createdTime":[2024,2,15,8,48,59,631450000],"updatedTime":[2024,2,15,8,48,59,631450000],"answerCnt":3,"meTooCnt":2,"bookmarkCnt":1},{"id":106,"title":"스프링부트 오류: 필요한 유형의 빈을 찾을 수 없음","writer":{"id":79,"exp":1380,"point":5460,"coin":0,"nickname":"코치","tier":"bronze","profileImg":null,"userTagList":null},"tagList":[{"tagId":2,"version":"17"},{"tagId":6,"version":"3.0.2"}],"createdTime":[2024,2,15,8,10,14,629934000],"updatedTime":[2024,2,15,8,10,14,629934000],"answerCnt":2,"meTooCnt":1,"bookmarkCnt":1},{"id":104,"title":"```\nRedis 연결 오류로 인한 프로그램 오류\n```","writer":{"id":79,"exp":1380,"point":5460,"coin":0,"nickname":"코치","tier":"bronze","profileImg":null,"userTagList":null},"tagList":[{"tagId":2,"version":"17.0.1"},{"tagId":6,"version":"3.0.2"},{"tagId":null,"version":"15"}],"createdTime":[2024,2,15,7,33,13,986680000],"updatedTime":[2024,2,15,7,33,13,986680000],"answerCnt":2,"meTooCnt":1,"bookmarkCnt":1},{"id":103,"title":"Redis 연결에 실패한 오류가 발생했습니다. 오류를 고치기 위해 게시판에 게시할 적절한 제목을 제안해주세요.","writer":{"id":78,"exp":540,"point":5180,"coin":0,"nickname":"88269663","tier":"bronze","profileImg":null,"userTagList":null},"tagList":[{"tagId":2,"version":"111"},{"tagId":6,"version":"111"},{"tagId":null,"version":"222"}],"createdTime":[2024,2,15,7,0,51,173241000],"updatedTime":[2024,2,15,7,0,51,173241000],"answerCnt":2,"meTooCnt":0,"bookmarkCnt":1},{"id":102,"title":"\\<span style=\"color: #0451a5;\">컴파일 실패: ./src/App.js 모듈을 찾을 수 없음: '/Users/Developer/ReactJS/shop/src'에서 './date.js'를 해결할 수 없습니다.\\</span>","writer":{"id":2,"exp":4090,"point":5710,"coin":0,"nickname":"34067179","tier":"bronze","profileImg":null,"userTagList":null},"tagList":[{"tagId":10,"version":"1.0.1"},{"tagId":4,"version":"1.0.2"}],"createdTime":[2024,2,15,6,37,48,696070000],"updatedTime":[2024,2,15,6,37,48,696070000],"answerCnt":2,"meTooCnt":0,"bookmarkCnt":1},{"id":101,"title":"Korean Title: list로 원소 개수 세기 프로그램","writer":{"id":66,"exp":7440,"point":7480,"coin":0,"nickname":"Louis","tier":"bronze","profileImg":null,"userTagList":null},"tagList":[{"tagId":3,"version":"99"}],"createdTime":[2024,2,15,6,21,40,597304000],"updatedTime":[2024,2,15,6,21,40,597304000],"answerCnt":2,"meTooCnt":2,"bookmarkCnt":1},{"id":100,"title":"[Vue 경고]: mounted 훅 실행 중 처리되지 않은 오류\n  at <QuestionCreate>\n  at <QuestionCreateView onVnodeUnmounted=fn<onVnodeUnmounted>","writer":{"id":8,"exp":3550,"point":6160,"coin":0,"nickname":"88009952","tier":"bronze","profileImg":null,"userTagList":null},"tagList":[{"tagId":11,"version":"17"}],"createdTime":[2024,2,15,6,16,43,874772000],"updatedTime":[2024,2,15,6,16,43,874772000],"answerCnt":2,"meTooCnt":0,"bookmarkCnt":0},{"id":99,"title":"제목: Redis 연결 실패 오류 (Redis 연결 실패 예외)\n\nRedis 연결에 실패하여 발생한 오류입니다.","writer":{"id":8,"exp":3550,"point":6160,"coin":0,"nickname":"88009952","tier":"bronze","profileImg":null,"userTagList":null},"tagList":[{"tagId":2,"version":"17"},{"tagId":6,"version":"3.0.2"},{"tagId":null,"version":"12"}],"createdTime":[2024,2,15,6,13,49,338939000],"updatedTime":[2024,2,15,6,13,49,338939000],"answerCnt":2,"meTooCnt":1,"bookmarkCnt":1},{"id":98,"title":"```\n<span style=\"color: #0451a5;\">오류: 컴파일에 실패했습니다./src/App.js 파일을 찾을 수 없습니다. 경로: '/Users/Developer/ReactJS/shop/src'에서 './date.js'를 해결할 수 없습니다.</span>\n```","writer":{"id":8,"exp":3550,"point":6160,"coin":0,"nickname":"88009952","tier":"bronze","profileImg":null,"userTagList":null},"tagList":[{"tagId":4,"version":"1"},{"tagId":null,"version":"12"}],"createdTime":[2024,2,15,6,8,6,224823000],"updatedTime":[2024,2,15,6,8,6,224823000],"answerCnt":3,"meTooCnt":0,"bookmarkCnt":0},{"id":97,"title":"프로그래밍 오류 수정을 위한 도움 요청합니다","writer":{"id":66,"exp":7440,"point":7480,"coin":0,"nickname":"Louis","tier":"bronze","profileImg":null,"userTagList":null},"tagList":[{"tagId":3,"version":"1.0.2"}],"createdTime":[2024,2,15,6,4,58,229740000],"updatedTime":[2024,2,15,6,4,58,229740000],"answerCnt":1,"meTooCnt":1,"bookmarkCnt":1},{"id":95,"title":"[Korean]\n\n오류: 컴파일에 실패하였습니다. ./src/App.js 모듈을 찾을 수 없습니다. 경로: '/Users/Developer/ReactJS/shop/src'\n\n[English]\n\nError: Failed to compile ./src/App.js Module not found: Can't resolve './date.js' in '/Users/Developer/ReactJS/shop/src'","writer":{"id":74,"exp":1170,"point":5390,"coin":0,"nickname":"Park6531","tier":"bronze","profileImg":null,"userTagList":null},"tagList":[{"tagId":10,"version":"1.0.1"},{"tagId":4,"version":"1.0.2"}],"createdTime":[2024,2,15,5,53,42,341899000],"updatedTime":[2024,2,15,5,53,42,341899000],"answerCnt":2,"meTooCnt":1,"bookmarkCnt":0},{"id":94,"title":"마운트 후크 실행 중 처리되지 않은 오류 - QuestionCreate에서 처리되지 않은 오류가 발생함","writer":{"id":3,"exp":34081,"point":10720,"coin":0,"nickname":"RealSunmeng","tier":"platinum","profileImg":null,"userTagList":null},"tagList":[{"tagId":11,"version":"3"}],"createdTime":[2024,2,15,5,53,35,645659000],"updatedTime":[2024,2,15,5,53,35,645659000],"answerCnt":2,"meTooCnt":4,"bookmarkCnt":2},{"id":93,"title":"\"[에러] ApplicationContext 시작 중 오류 발생: UnsatisfiedDependencyException\"","writer":{"id":3,"exp":34081,"point":10720,"coin":0,"nickname":"RealSunmeng","tier":"platinum","profileImg":null,"userTagList":null},"tagList":[{"tagId":2,"version":"17"},{"tagId":6,"version":"3.0.9"}],"createdTime":[2024,2,15,5,52,15,337141000],"updatedTime":[2024,2,15,5,52,15,337141000],"answerCnt":2,"meTooCnt":0,"bookmarkCnt":0},{"id":92,"title":"스프링 애플리케이션 컨텍스트 시작 오류: 의존성을 충족시키지 못하는 빈 생성 중 오류 발생","writer":{"id":3,"exp":34081,"point":10720,"coin":0,"nickname":"RealSunmeng","tier":"platinum","profileImg":null,"userTagList":null},"tagList":[{"tagId":2,"version":"17"},{"tagId":6,"version":"3.0.9"}],"createdTime":[2024,2,15,5,50,33,522330000],"updatedTime":[2024,2,15,5,50,33,522330000],"answerCnt":2,"meTooCnt":0,"bookmarkCnt":0},{"id":90,"title":"엉어 해결해조","writer":{"id":12,"exp":37222,"point":6260,"coin":0,"nickname":"강낭콩","tier":"silver","profileImg":null,"userTagList":null},"tagList":[{"tagId":6,"version":"3.0.2"}],"createdTime":[2024,2,15,5,46,7,396583000],"updatedTime":[2024,2,15,5,46,7,396583000],"answerCnt":2,"meTooCnt":0,"bookmarkCnt":0},{"id":89,"title":"\"org.springframework.security.core.Authentication.getCredentials()\"의 반환 값이 null이므로 \"Object.toString()\"를 호출할 수 없습니다. 오류 수정 요청합니다. 적절한 제목을 추천해 주세요.","writer":{"id":71,"exp":1050,"point":5350,"coin":0,"nickname":"컨설턴트","tier":"bronze","profileImg":null,"userTagList":null},"tagList":[{"tagId":2,"version":"17"},{"tagId":6,"version":"3.2.1"}],"createdTime":[2024,2,15,5,23,40,186049000],"updatedTime":[2024,2,15,5,23,40,186049000],"answerCnt":1,"meTooCnt":0,"bookmarkCnt":0},{"id":88,"title":"jwt 토큰이 안떠요","writer":{"id":71,"exp":1050,"point":5350,"coin":0,"nickname":"컨설턴트","tier":"bronze","profileImg":null,"userTagList":null},"tagList":[{"tagId":2,"version":"17"}],"createdTime":[2024,2,15,5,10,40,234467000],"updatedTime":[2024,2,15,5,10,40,234467000],"answerCnt":1,"meTooCnt":1,"bookmarkCnt":1},{"id":87,"title":"스프링 애플리케이션 실행 중 에러가 발생했습니다. 'debug' 모드로 애플리케이션을 다시 실행하여 조건 평가 보고서를 표시하세요. (Korean title translation of \"Error starting ApplicationContext\")","writer":{"id":3,"exp":34081,"point":10720,"coin":0,"nickname":"RealSunmeng","tier":"platinum","profileImg":null,"userTagList":null},"tagList":[{"tagId":2,"version":"17.0.9"},{"tagId":6,"version":"3.0.2"}],"createdTime":[2024,2,15,5,1,48,787095000],"updatedTime":[2024,2,15,5,1,48,787095000],"answerCnt":2,"meTooCnt":0,"bookmarkCnt":0},{"id":86,"title":"자바 오류: java.lang.StackOverflowError","writer":{"id":3,"exp":34081,"point":10720,"coin":0,"nickname":"RealSunmeng","tier":"platinum","profileImg":null,"userTagList":null},"tagList":[{"tagId":2,"version":"17.0.9"}],"createdTime":[2024,2,15,4,57,11,760757000],"updatedTime":[2024,2,15,4,57,11,760757000],"answerCnt":2,"meTooCnt":0,"bookmarkCnt":0},{"id":85,"title":"좋은 정보 알려드리러 왔습니다","writer":{"id":66,"exp":7440,"point":7480,"coin":0,"nickname":"Louis","tier":"bronze","profileImg":null,"userTagList":null},"tagList":[{"tagId":6,"version":"1.10"}],"createdTime":[2024,2,15,4,48,49,459068000],"updatedTime":[2024,2,15,4,48,49,459068000],"answerCnt":1,"meTooCnt":1,"bookmarkCnt":1},{"id":84,"title":"마지막 확인","writer":{"id":4,"exp":9180,"point":6980,"coin":0,"nickname":"모화","tier":"ruby","profileImg":null,"userTagList":null},"tagList":[{"tagId":11,"version":"3"}],"createdTime":[2024,2,15,4,28,50,153864000],"updatedTime":[2024,2,15,4,28,50,153864000],"answerCnt":1,"meTooCnt":1,"bookmarkCnt":1},{"id":83,"title":"폰트 되나요","writer":{"id":4,"exp":9180,"point":6980,"coin":0,"nickname":"모화","tier":"ruby","profileImg":null,"userTagList":null},"tagList":[{"tagId":11,"version":"3"},{"tagId":null,"version":""}],"createdTime":[2024,2,15,4,25,1,439253000],"updatedTime":[2024,2,15,4,25,1,439253000],"answerCnt":2,"meTooCnt":0,"bookmarkCnt":0},{"id":82,"title":"폰트 크기 가보자고!!!","writer":{"id":4,"exp":9180,"point":6980,"coin":0,"nickname":"모화","tier":"ruby","profileImg":null,"userTagList":null},"tagList":[{"tagId":11,"version":"3"},{"tagId":null,"version":""}],"createdTime":[2024,2,15,4,18,47,903182000],"updatedTime":[2024,2,15,4,18,47,903182000],"answerCnt":1,"meTooCnt":0,"bookmarkCnt":0},{"id":81,"title":"toast ui editor 폰트 크기 plugin 적용 오류에 대해 도움이 필요합니다. (Korean translation for \"Need help with applying the font size plugin in Toast UI Editor\")","writer":{"id":4,"exp":9180,"point":6980,"coin":0,"nickname":"모화","tier":"ruby","profileImg":null,"userTagList":null},"tagList":[{"tagId":11,"version":"3"}],"createdTime":[2024,2,15,4,1,44,838542000],"updatedTime":[2024,2,15,4,1,44,838542000],"answerCnt":2,"meTooCnt":0,"bookmarkCnt":0},{"id":80,"title":"루비 프로그램 오류 수정 요청","writer":{"id":66,"exp":7440,"point":7480,"coin":0,"nickname":"Louis","tier":"bronze","profileImg":null,"userTagList":null},"tagList":[{"tagId":1,"version":"1121"}],"createdTime":[2024,2,15,0,18,45,69673000],"updatedTime":[2024,2,15,0,18,45,69673000],"answerCnt":1,"meTooCnt":0,"bookmarkCnt":0},{"id":79,"title":"코딩하다 발생한 에러를 해결하고자 게시판에 게시하려고 하는데, 핸드폰으로 작성한 게시글은 지피티에서 답변을 달지 않더군요. 적은 내용이 핸드폰에서 작성한 경우에는 보이지 않습니다.\n\nPossible titles could be:\n1. 코딩하면서 발생한 에러 해결에 도움이 필요합니다! \n2. 핸드폰으로 작성한 게시글에 답변이 달리지 않습니다, 해결 방법이 있을까요? \n3. 에러 발생 시 질문 게시판에 올렸을 때 문제가 생기는데 도움이 필요합니다. \n4. 핸드폰으로 작성한 게시글이 보이지 않아서 문의드립니다.","writer":{"id":66,"exp":7440,"point":7480,"coin":0,"nickname":"Louis","tier":"bronze","profileImg":null,"userTagList":null},"tagList":[{"tagId":1,"version":"121"},{"tagId":2,"version":"자바를잡아라"}],"createdTime":[2024,2,15,0,17,24,252777000],"updatedTime":[2024,2,15,0,17,24,252777000],"answerCnt":1,"meTooCnt":0,"bookmarkCnt":0},{"id":78,"title":"\"잘못된 id 값으로 인한 404 페이지 리다이렉트\"","writer":{"id":4,"exp":9180,"point":6980,"coin":0,"nickname":"모화","tier":"ruby","profileImg":null,"userTagList":null},"tagList":[{"tagId":11,"version":"3"}],"createdTime":[2024,2,15,0,16,54,908783000],"updatedTime":[2024,2,15,0,16,54,908783000],"answerCnt":1,"meTooCnt":1,"bookmarkCnt":0},{"id":77,"title":"발표","writer":{"id":66,"exp":7440,"point":7480,"coin":0,"nickname":"Louis","tier":"bronze","profileImg":null,"userTagList":null},"tagList":[{"tagId":12,"version":"1.0.1"},{"tagId":1,"version":"1.0.1"}],"createdTime":[2024,2,15,0,15,28,716931000],"updatedTime":[2024,2,15,0,15,28,716931000],"answerCnt":1,"meTooCnt":0,"bookmarkCnt":0},{"id":75,"title":"python list comprehension 관련 질문","writer":{"id":3,"exp":34081,"point":10720,"coin":0,"nickname":"RealSunmeng","tier":"platinum","profileImg":null,"userTagList":null},"tagList":[{"tagId":1,"version":"18"}],"createdTime":[2024,2,14,16,2,41,739056000],"updatedTime":[2024,2,14,16,2,41,739056000],"answerCnt":1,"meTooCnt":0,"bookmarkCnt":0},{"id":73,"title":"js setTimeout","writer":{"id":3,"exp":34081,"point":10720,"coin":0,"nickname":"RealSunmeng","tier":"platinum","profileImg":null,"userTagList":null},"tagList":[{"tagId":4,"version":"18"}],"createdTime":[2024,2,14,15,56,30,676424000],"updatedTime":[2024,2,14,15,56,30,676424000],"answerCnt":1,"meTooCnt":1,"bookmarkCnt":1},{"id":72,"title":"vue lifecycle 관련 질문","writer":{"id":3,"exp":34081,"point":10720,"coin":0,"nickname":"RealSunmeng","tier":"platinum","profileImg":null,"userTagList":null},"tagList":[{"tagId":11,"version":"3"}],"createdTime":[2024,2,14,15,55,9,713149000],"updatedTime":[2024,2,14,15,55,9,713149000],"answerCnt":1,"meTooCnt":0,"bookmarkCnt":0},{"id":71,"title":"vue 사용법","writer":{"id":3,"exp":34081,"point":10720,"coin":0,"nickname":"RealSunmeng","tier":"platinum","profileImg":null,"userTagList":null},"tagList":[{"tagId":11,"version":"3"}],"createdTime":[2024,2,14,15,53,26,332312000],"updatedTime":[2024,2,14,15,53,26,332312000],"answerCnt":1,"meTooCnt":0,"bookmarkCnt":0},{"id":70,"title":"python 기본 문법","writer":{"id":3,"exp":34081,"point":10720,"coin":0,"nickname":"RealSunmeng","tier":"platinum","profileImg":null,"userTagList":null},"tagList":[{"tagId":1,"version":"21"}],"createdTime":[2024,2,14,15,50,16,210581000],"updatedTime":[2024,2,14,15,50,16,210581000],"answerCnt":1,"meTooCnt":2,"bookmarkCnt":0},{"id":69,"title":"js 문법 관련 질문","writer":{"id":3,"exp":34081,"point":10720,"coin":0,"nickname":"RealSunmeng","tier":"platinum","profileImg":null,"userTagList":null},"tagList":[{"tagId":4,"version":"18"}],"createdTime":[2024,2,14,15,45,41,800641000],"updatedTime":[2024,2,14,15,45,41,800641000],"answerCnt":1,"meTooCnt":0,"bookmarkCnt":0},{"id":67,"title":"redis 연결 안돼..","writer":{"id":12,"exp":37222,"point":6260,"coin":0,"nickname":"강낭콩","tier":"silver","profileImg":null,"userTagList":null},"tagList":[{"tagId":null,"version":"1"}],"createdTime":[2024,2,14,15,24,59,958472000],"updatedTime":[2024,2,14,15,24,59,958472000],"answerCnt":1,"meTooCnt":0,"bookmarkCnt":0},{"id":66,"title":"텍스트 필드에서 Enter 키를 누르면 검색 요청이 진행되도록 수정하는 방법을 문의해주시려고 합니다.","writer":{"id":52,"exp":3240,"point":5080,"coin":0,"nickname":"chiikawa","tier":"bronze","profileImg":null,"userTagList":null},"tagList":[{"tagId":10,"version":""},{"tagId":4,"version":""}],"createdTime":[2024,2,14,15,11,14,505695000],"updatedTime":[2024,2,14,15,11,14,505695000],"answerCnt":0,"meTooCnt":0,"bookmarkCnt":0},{"id":65,"title":"텍스트 필드에서 Enter 키를 누르면 검색 요청이 진행되도록 수정하는 방법을 문의해주시려고 합니다.","writer":{"id":52,"exp":3240,"point":5080,"coin":0,"nickname":"chiikawa","tier":"bronze","profileImg":null,"userTagList":null},"tagList":[{"tagId":10,"version":""},{"tagId":4,"version":""}],"createdTime":[2024,2,14,15,10,49,775445000],"updatedTime":[2024,2,14,15,10,49,775445000],"answerCnt":0,"meTooCnt":0,"bookmarkCnt":0},{"id":62,"title":"리액트로 반응형 웹 페이지 개발: 상태 관리와 컴포넌트 UI","writer":{"id":66,"exp":7440,"point":7480,"coin":0,"nickname":"Louis","tier":"bronze","profileImg":null,"userTagList":null},"tagList":[{"tagId":null,"version":""},{"tagId":null,"version":""},{"tagId":null,"version":""}],"createdTime":[2024,2,14,12,32,42,610316000],"updatedTime":[2024,2,14,12,32,42,610316000],"answerCnt":2,"meTooCnt":0,"bookmarkCnt":0},{"id":61,"title":"폰트 크기 테스트","writer":{"id":4,"exp":9180,"point":6980,"coin":0,"nickname":"모화","tier":"ruby","profileImg":null,"userTagList":null},"tagList":[{"tagId":null,"version":""}],"createdTime":[2024,2,14,12,31,39,756764000],"updatedTime":[2024,2,14,12,31,39,756764000],"answerCnt":2,"meTooCnt":0,"bookmarkCnt":0},{"id":60,"title":"코드 오류 수정 필요 - 도움 요청!","writer":{"id":66,"exp":7440,"point":7480,"coin":0,"nickname":"Louis","tier":"bronze","profileImg":null,"userTagList":null},"tagList":[{"tagId":null,"version":""}],"createdTime":[2024,2,14,12,29,24,908720000],"updatedTime":[2024,2,14,12,29,24,908720000],"answerCnt":0,"meTooCnt":0,"bookmarkCnt":0},{"id":59,"title":"코딩 중 발생한 에러, 해결 방법을 알려주세요!","writer":{"id":66,"exp":7440,"point":7480,"coin":0,"nickname":"Louis","tier":"bronze","profileImg":null,"userTagList":null},"tagList":[{"tagId":1,"version":""}],"createdTime":[2024,2,14,12,28,3,923965000],"updatedTime":[2024,2,14,12,28,3,923965000],"answerCnt":0,"meTooCnt":1,"bookmarkCnt":0},{"id":58,"title":"코딩 중 발생한 에러, 해결 방법을 알려주세요!","writer":{"id":66,"exp":7440,"point":7480,"coin":0,"nickname":"Louis","tier":"bronze","profileImg":null,"userTagList":null},"tagList":[{"tagId":1,"version":""}],"createdTime":[2024,2,14,12,27,51,156338000],"updatedTime":[2024,2,14,12,27,51,156338000],"answerCnt":0,"meTooCnt":0,"bookmarkCnt":0},{"id":57,"title":"OpenVidu를 사용하여 화면 공유 기능을 추가했지만 현재 탭만 공유되지 않는 문제에 대한 해결 방법을 알 수 있을까요?","writer":{"id":68,"exp":360,"point":5120,"coin":0,"nickname":"선재","tier":"bronze","profileImg":null,"userTagList":null},"tagList":[{"tagId":null,"version":""}],"createdTime":[2024,2,14,12,22,58,950072000],"updatedTime":[2024,2,14,12,22,58,950072000],"answerCnt":1,"meTooCnt":0,"bookmarkCnt":0},{"id":56,"title":"에러 고치는 데 도움이 필요합니다.","writer":{"id":4,"exp":9180,"point":6980,"coin":0,"nickname":"모화","tier":"ruby","profileImg":null,"userTagList":null},"tagList":[{"tagId":11,"version":"3"}],"createdTime":[2024,2,14,12,22,30,958720000],"updatedTime":[2024,2,14,12,22,30,958720000],"answerCnt":1,"meTooCnt":0,"bookmarkCnt":0},{"id":55,"title":"스택 오버플로우 오류 수정 요청","writer":{"id":69,"exp":330,"point":5110,"coin":0,"nickname":"ggparty","tier":"bronze","profileImg":null,"userTagList":null},"tagList":[{"tagId":null,"version":""},{"tagId":null,"version":""},{"tagId":null,"version":""}],"createdTime":[2024,2,14,12,22,26,590691000],"updatedTime":[2024,2,14,12,22,26,590691000],"answerCnt":1,"meTooCnt":0,"bookmarkCnt":0},{"id":53,"title":"이미지 404 오류","writer":{"id":4,"exp":9180,"point":6980,"coin":0,"nickname":"모화","tier":"ruby","profileImg":null,"userTagList":null},"tagList":[{"tagId":11,"version":"3"}],"createdTime":[2024,2,14,12,13,26,880005000],"updatedTime":[2024,2,14,12,13,26,880005000],"answerCnt":1,"meTooCnt":0,"bookmarkCnt":0},{"id":52,"title":"프로그래밍 에러 해결 방법을 요청합니다. 적절한 한글 제목을 추천해주시기 바랍니다.","writer":{"id":2,"exp":4090,"point":5710,"coin":0,"nickname":"34067179","tier":"bronze","profileImg":null,"userTagList":null},"tagList":[{"tagId":null,"version":""}],"createdTime":[2024,2,14,12,12,39,552800000],"updatedTime":[2024,2,14,12,12,39,552800000],"answerCnt":1,"meTooCnt":0,"bookmarkCnt":0},{"id":50,"title":"프로그래밍 오류 수정을 위한 질문 제목을 추천해주세요.","writer":{"id":66,"exp":7440,"point":7480,"coin":0,"nickname":"Louis","tier":"bronze","profileImg":null,"userTagList":null},"tagList":[{"tagId":null,"version":""}],"createdTime":[2024,2,14,11,45,54,218271000],"updatedTime":[2024,2,14,11,45,54,218271000],"answerCnt":2,"meTooCnt":0,"bookmarkCnt":0},{"id":49,"title":"문자열로 입력된 \"Hello\"를 숫자로 변환할 수 없습니다. (NumberFormatException 발생)\n\n(개발자분들께서는 질문을 입력할 때 텍스트필드의 placeholder를 지워주세요)","writer":{"id":56,"exp":1400,"point":5210,"coin":0,"nickname":"48899055","tier":"bronze","profileImg":null,"userTagList":null},"tagList":[{"tagId":2,"version":""},{"tagId":null,"version":""}],"createdTime":[2024,2,14,11,5,8,296258000],"updatedTime":[2024,2,14,11,5,8,296258000],"answerCnt":1,"meTooCnt":0,"bookmarkCnt":0},{"id":47,"title":"코딩하다 발생한 에러에 대한 도움이 필요합니다.","writer":{"id":63,"exp":5900,"point":5590,"coin":0,"nickname":"싸피킹","tier":"bronze","profileImg":null,"userTagList":null},"tagList":[{"tagId":6,"version":"1"}],"createdTime":[2024,2,14,8,40,48,53429000],"updatedTime":[2024,2,14,8,40,48,53429000],"answerCnt":1,"meTooCnt":1,"bookmarkCnt":0},{"id":45,"title":"스프링 애플리케이션 오류: RedisTemplate 관련 의존성 오류를 해결하려면 'debug' 모드로 애플리케이션을 다시 실행하세요.","writer":{"id":63,"exp":5900,"point":5590,"coin":0,"nickname":"싸피킹","tier":"bronze","profileImg":null,"userTagList":null},"tagList":[{"tagId":2,"version":"17"},{"tagId":6,"version":"3.0.2"},{"tagId":1,"version":"18"}],"createdTime":[2024,2,14,7,56,27,26326000],"updatedTime":[2024,2,14,7,56,27,26326000],"answerCnt":1,"meTooCnt":0,"bookmarkCnt":0},{"id":44,"title":"[TS] '\"react-router-dom\"'에는 'createBrowserRouter'라는 내보낸 멤버가 없습니다. 'BrowserRouter'을(를) 의미하셨을까요?","writer":{"id":58,"exp":1330,"point":5140,"coin":0,"nickname":"80499642","tier":"bronze","profileImg":null,"userTagList":null},"tagList":[{"tagId":null,"version":""},{"tagId":10,"version":""}],"createdTime":[2024,2,14,1,39,53,634575000],"updatedTime":[2024,2,14,1,39,53,634575000],"answerCnt":5,"meTooCnt":3,"bookmarkCnt":2},{"id":43,"title":"Java에서 배열과 ArrayList의 탐색 속도 차이를 알고 싶습니다.","writer":{"id":60,"exp":2000,"point":5200,"coin":0,"nickname":"69035612","tier":"bronze","profileImg":null,"userTagList":null},"tagList":[{"tagId":2,"version":""}],"createdTime":[2024,2,14,1,35,55,209154000],"updatedTime":[2024,2,14,1,35,55,209154000],"answerCnt":2,"meTooCnt":2,"bookmarkCnt":1},{"id":40,"title":"[Vue 경고]: 렌더링 중에 접근된 \"id\" 속성이 인스턴스에서 정의되지 않았습니다.","writer":{"id":3,"exp":34081,"point":10720,"coin":0,"nickname":"RealSunmeng","tier":"platinum","profileImg":null,"userTagList":null},"tagList":[{"tagId":11,"version":"3"}],"createdTime":[2024,2,14,0,53,9,790962000],"updatedTime":[2024,2,14,0,53,9,790962000],"answerCnt":1,"meTooCnt":1,"bookmarkCnt":0},{"id":39,"title":"오류 해결이. 필요한 프로그래밍 관련 질문입니다","writer":{"id":12,"exp":37222,"point":6260,"coin":0,"nickname":"강낭콩","tier":"silver","profileImg":null,"userTagList":null},"tagList":[{"tagId":null,"version":""}],"createdTime":[2024,2,14,0,28,48,410400000],"updatedTime":[2024,2,14,0,28,48,410400000],"answerCnt":1,"meTooCnt":2,"bookmarkCnt":1},{"id":38,"title":"Redis 로그에 나타나는 오류를 찾아주세요.","writer":{"id":36,"exp":4859,"point":5750,"coin":0,"nickname":"부족해요","tier":"bronze","profileImg":null,"userTagList":null},"tagList":[{"tagId":null,"version":"111"}],"createdTime":[2024,2,13,23,56,59,833276000],"updatedTime":[2024,2,13,23,56,59,833276000],"answerCnt":2,"meTooCnt":1,"bookmarkCnt":1},{"id":37,"title":"Redis 로그에 나타나는 오류를 찾아주세요.","writer":{"id":36,"exp":4859,"point":5750,"coin":0,"nickname":"부족해요","tier":"bronze","profileImg":null,"userTagList":null},"tagList":[{"tagId":null,"version":"111"}],"createdTime":[2024,2,13,23,56,36,94787000],"updatedTime":[2024,2,13,23,56,36,94787000],"answerCnt":0,"meTooCnt":0,"bookmarkCnt":0},{"id":36,"title":"안녕하세요","writer":{"id":2,"exp":4090,"point":5710,"coin":0,"nickname":"34067179","tier":"bronze","profileImg":null,"userTagList":null},"tagList":[{"tagId":null,"version":""},{"tagId":null,"version":""}],"createdTime":[2024,2,13,23,52,32,483182000],"updatedTime":[2024,2,13,23,52,32,483182000],"answerCnt":1,"meTooCnt":0,"bookmarkCnt":0},{"id":35,"title":"제선명은 보아라","writer":{"id":57,"exp":1100,"point":5110,"coin":0,"nickname":"근보","tier":"bronze","profileImg":null,"userTagList":null},"tagList":[],"createdTime":[2024,2,13,14,55,25,895461000],"updatedTime":[2024,2,13,14,55,25,895461000],"answerCnt":2,"meTooCnt":0,"bookmarkCnt":1},{"id":34,"title":"404 상태 코드로 요청이 실패했습니다AxiosError: 404 상태 코드로 요청이 실패했습니다","writer":{"id":3,"exp":34081,"point":10720,"coin":0,"nickname":"RealSunmeng","tier":"platinum","profileImg":null,"userTagList":null},"tagList":[{"tagId":4,"version":"17"}],"createdTime":[2024,2,13,14,47,30,512123000],"updatedTime":[2024,2,13,14,47,30,512123000],"answerCnt":1,"meTooCnt":1,"bookmarkCnt":1},{"id":31,"title":"에러 발생! 도움 요청드립니다.","writer":{"id":3,"exp":34081,"point":10720,"coin":0,"nickname":"RealSunmeng","tier":"platinum","profileImg":null,"userTagList":null},"tagList":[{"tagId":2,"version":""},{"tagId":6,"version":""}],"createdTime":[2024,2,13,12,38,13,515368000],"updatedTime":[2024,2,13,12,38,13,515368000],"answerCnt":1,"meTooCnt":0,"bookmarkCnt":0},{"id":30,"title":"오류를 수정하기 위해 게시판에 게시하려고 합니다. 적절한 제목을 제안해주세요.","writer":{"id":56,"exp":1400,"point":5210,"coin":0,"nickname":"48899055","tier":"bronze","profileImg":null,"userTagList":null},"tagList":[{"tagId":2,"version":""}],"createdTime":[2024,2,13,12,34,20,930636000],"updatedTime":[2024,2,13,12,34,20,930636000],"answerCnt":1,"meTooCnt":0,"bookmarkCnt":0},{"id":29,"title":"\"잔디 빈약한 고민 중, 도움이 필요합니다!\"","writer":{"id":55,"exp":1900,"point":5190,"coin":0,"nickname":"록바이슨","tier":"bronze","profileImg":null,"userTagList":null},"tagList":[{"tagId":null,"version":""},{"tagId":null,"version":""}],"createdTime":[2024,2,13,12,0,16,758925000],"updatedTime":[2024,2,13,12,0,16,758925000],"answerCnt":1,"meTooCnt":1,"bookmarkCnt":1},{"id":28,"title":"[Vue 경고]: 렌더링 중에 \"id\" 속성에 접근했지만 인스턴스에 정의되지 않았습니다.","writer":{"id":3,"exp":34081,"point":10720,"coin":0,"nickname":"RealSunmeng","tier":"platinum","profileImg":null,"userTagList":null},"tagList":[{"tagId":11,"version":"3"},{"tagId":4,"version":"17"}],"createdTime":[2024,2,13,8,56,51,121483000],"updatedTime":[2024,2,13,8,56,51,121483000],"answerCnt":1,"meTooCnt":0,"bookmarkCnt":0},{"id":18,"title":"\"ApplicationContext 시작 오류: 빈 생성 중 예외 발생\"","writer":{"id":12,"exp":37222,"point":6260,"coin":0,"nickname":"강낭콩","tier":"silver","profileImg":null,"userTagList":null},"tagList":[{"tagId":2,"version":"17"},{"tagId":6,"version":"3.0.2"}],"createdTime":[2024,2,13,7,51,41,586946000],"updatedTime":[2024,2,13,7,51,41,586946000],"answerCnt":1,"meTooCnt":2,"bookmarkCnt":1},{"id":15,"title":"\"정의되지 않은 속성을 읽을 수 없음 (length 읽기)\" TypeError: 정의되지 않은 속성을 읽을 수 없음 (length 읽기)","writer":{"id":3,"exp":34081,"point":10720,"coin":0,"nickname":"RealSunmeng","tier":"platinum","profileImg":null,"userTagList":null},"tagList":[{"tagId":4,"version":"ES6"}],"createdTime":[2024,2,13,4,2,20,380334000],"updatedTime":[2024,2,13,4,2,20,380334000],"answerCnt":1,"meTooCnt":0,"bookmarkCnt":0},{"id":14,"title":"ㅋㅋ 돈내라 ㅋㅋ ㅋㅋ","writer":{"id":50,"exp":1101,"point":5110,"coin":0,"nickname":"히히","tier":"bronze","profileImg":null,"userTagList":null},"tagList":[{"tagId":null,"version":""}],"createdTime":[2024,2,13,3,1,36,564625000],"updatedTime":[2024,2,13,3,1,36,564625000],"answerCnt":0,"meTooCnt":1,"bookmarkCnt":0},{"id":13,"title":"형님들 제목이 안생겨요ㅠㅠ","writer":{"id":50,"exp":1101,"point":5110,"coin":0,"nickname":"히히","tier":"bronze","profileImg":null,"userTagList":null},"tagList":[{"tagId":null,"version":"2.7.17"}],"createdTime":[2024,2,12,16,10,59,218088000],"updatedTime":[2024,2,12,16,10,59,218088000],"answerCnt":1,"meTooCnt":1,"bookmarkCnt":0},{"id":12,"title":"fff","writer":{"id":50,"exp":1101,"point":5110,"coin":0,"nickname":"히히","tier":"bronze","profileImg":null,"userTagList":null},"tagList":[{"tagId":null,"version":"1"}],"createdTime":[2024,2,12,16,8,28,558293000],"updatedTime":[2024,2,12,16,8,28,558293000],"answerCnt":0,"meTooCnt":0,"bookmarkCnt":0},{"id":11,"title":"이미지 등록 테스트 ㅋㅋ","writer":{"id":7,"exp":1750,"point":5830,"coin":0,"nickname":"킹싸피","tier":"diamond","profileImg":null,"userTagList":null},"tagList":[{"tagId":2,"version":"1.8"}],"createdTime":[2024,2,11,10,23,8,804042000],"updatedTime":[2024,2,11,10,23,8,804042000],"answerCnt":2,"meTooCnt":3,"bookmarkCnt":2},{"id":7,"title":"Incorrect prop type for \"disabled\" - expected Boolean, got String","writer":{"id":3,"exp":34081,"point":10720,"coin":0,"nickname":"RealSunmeng","tier":"platinum","profileImg":null,"userTagList":null},"tagList":[{"tagId":11,"version":"3"},{"tagId":4,"version":"2222"}],"createdTime":[2024,2,7,5,25,46,868424000],"updatedTime":[2024,2,7,5,25,46,868424000],"answerCnt":1,"meTooCnt":1,"bookmarkCnt":0},{"id":6,"title":"\"No XADataSourceWrapper Found\"","writer":{"id":12,"exp":37222,"point":6260,"coin":0,"nickname":"강낭콩","tier":"silver","profileImg":null,"userTagList":null},"tagList":[{"tagId":2,"version":"17"},{"tagId":6,"version":"3.0.2"}],"createdTime":[2024,2,7,1,8,16,991258000],"updatedTime":[2024,2,7,1,8,16,991258000],"answerCnt":1,"meTooCnt":0,"bookmarkCnt":0},{"id":5,"title":"\"Error creating bean with name 'sessionController'\"","writer":{"id":12,"exp":37222,"point":6260,"coin":0,"nickname":"강낭콩","tier":"silver","profileImg":null,"userTagList":null},"tagList":[{"tagId":2,"version":"17"},{"tagId":6,"version":"3.0.2"}],"createdTime":[2024,2,7,1,3,41,777524000],"updatedTime":[2024,2,7,1,3,41,777524000],"answerCnt":1,"meTooCnt":2,"bookmarkCnt":1},{"id":4,"title":"\"Unhandled Error in Mounted Hook | QuestionCreateView\"","writer":{"id":3,"exp":34081,"point":10720,"coin":0,"nickname":"RealSunmeng","tier":"platinum","profileImg":null,"userTagList":null},"tagList":[{"tagId":11,"version":"3"},{"tagId":4,"version":"1.1.1"}],"createdTime":[2024,2,5,8,48,16,607231000],"updatedTime":[2024,2,5,8,48,16,607231000],"answerCnt":3,"meTooCnt":1,"bookmarkCnt":1},{"id":1,"title":"could not execute statement [Cannot delete or update a parent row: a foreign key constraint fails]","writer":{"id":1,"exp":4764,"point":5340,"coin":0,"nickname":"선맹","tier":"gold","profileImg":null,"userTagList":null},"tagList":[{"tagId":1,"version":"1.1"},{"tagId":2,"version":"2.2"},{"tagId":3,"version":"3.3"}],"createdTime":[2024,2,5,7,29,18,852533000],"updatedTime":[2024,2,5,7,29,18,852533000],"answerCnt":3,"meTooCnt":0,"bookmarkCnt":1}],"bookmarkList":[],"meTooList":[]}